type,filter_value,total,phone,email,info_request,complaints,other,last_update
global,-,46107,21451,24656,16353,23630,5866,20261001
line,1001,7,5,2,0,7,0,20261001
line,1002,4,0,4,0,4,0,20261001
line,1003,34,12,22,0,29,5,20261001
line,1004,4,0,4,0,4,0,20261001
line,1005,39,22,17,0,35,4,20261001
line,1008,5,0,5,0,5,0,20261001
line,1010,4,1,3,0,4,0,20261001
line,1011,17,1,16,0,17,0,20261001
line,1012,2,2,0,0,2,0,20261001
line,1013,19,4,15,0,19,0,20261001
line,1014,73,18,55,0,72,1,20261001
line,1015,6,4,2,0,6,0,20261001
line,1101,27,12,15,0,27,0,20261001
line,1103,58,17,41,0,54,4,20261001
line,1104,5,1,4,0,5,0,20261001
line,1105,12,0,12,0,12,0,20261001
municipality,1105,480,250,230,182,243,55,20261001
municipality,1106,7981,4917,3064,3935,3127,919,20261001
line,1106,34,10,24,0,31,3,20261001
municipality,1107,2093,717,1376,507,1117,469,20261001
line,1107,9,1,8,0,9,0,20261001
line,1108,10,3,7,0,10,0,20261001
municipality,1109,1640,970,670,908,489,243,20261001
line,1109,17,5,12,0,17,0,20261001
municipality,1110,2019,758,1261,507,1206,306,20261001
line,1110,9,9,0,0,9,0,20261001
municipality,1111,4224,1892,2332,1296,2427,501,20261001
line,1111,10,2,8,0,5,5,20261001
line,1112,1,1,0,0,0,1,20261001
line,1113,5,4,1,0,5,0,20261001
line,1114,8,2,6,0,8,0,20261001
municipality,1114,1380,616,764,517,647,216,20261001
municipality,1115,1878,802,1076,539,1093,246,20261001
line,1115,17,10,7,0,17,0,20261001
municipality,1116,1123,428,695,297,609,217,20261001
line,1117,1,0,1,0,1,0,20261001
line,1119,5,5,0,0,0,5,20261001
line,1120,29,12,17,0,29,0,20261001
line,1121,4,2,2,0,4,0,20261001
line,1122,31,16,15,0,31,0,20261001
line,1123,14,9,5,0,13,1,20261001
line,1124,14,12,2,0,14,0,20261001
line,1125,7,5,2,0,5,2,20261001
line,1201,3,3,0,0,3,0,20261001
line,1203,20,16,4,0,16,4,20261001
line,1204,27,12,15,0,26,1,20261001
line,1205,52,25,27,0,52,0,20261001
line,1206,14,4,10,0,14,0,20261001
line,1208,55,37,18,0,53,2,20261001
line,1209,57,35,22,0,55,2,20261001
line,1210,34,14,20,0,34,0,20261001
line,1211,27,9,18,0,27,0,20261001
line,1212,17,6,11,0,17,0,20261001
line,1213,33,22,11,0,33,0,20261001
line,1215,22,8,14,0,22,0,20261001
line,1216,19,3,16,0,18,1,20261001
line,1217,12,7,5,0,12,0,20261001
line,1218,10,5,5,0,9,1,20261001
line,1219,5,1,4,0,5,0,20261001
line,1220,26,12,14,0,26,0,20261001
line,1221,5,4,1,0,5,0,20261001
line,1222,30,23,7,0,29,1,20261001
line,1223,97,26,71,0,96,1,20261001
line,1224,30,21,9,0,30,0,20261001
line,1225,3,2,1,0,3,0,20261001
line,1226,39,21,18,0,34,5,20261001
line,1227,3,0,3,0,2,1,20261001
line,1228,25,6,19,0,24,1,20261001
line,1229,19,12,7,0,18,1,20261001
line,1230,107,22,85,0,104,3,20261001
line,1232,35,15,20,0,32,3,20261001
line,1233,30,21,9,0,30,0,20261001
line,1234,71,33,38,0,71,0,20261001
line,1235,89,57,32,0,89,0,20261001
line,1240,47,20,27,0,46,1,20261001
line,1241,16,5,11,0,16,0,20261001
line,1242,37,18,19,0,37,0,20261001
line,1244,6,4,2,0,6,0,20261001
line,1245,52,30,22,0,50,2,20261001
line,1246,1,1,0,0,1,0,20261001
line,1247,13,5,8,0,13,0,20261001
line,1248,58,26,32,0,58,0,20261001
line,1249,54,21,33,0,53,1,20261001
line,1250,36,21,15,0,32,4,20261001
line,1251,119,56,63,0,116,3,20261001
line,1252,17,9,8,0,16,1,20261001
line,1253,48,17,31,0,45,3,20261001
line,1254,43,19,24,0,41,2,20261001
line,1255,21,14,7,0,19,2,20261001
line,1501,11,2,9,0,11,0,20261001
municipality,1502,900,423,477,309,480,111,20261001
line,1502,119,46,73,0,114,5,20261001
municipality,1503,2874,1238,1636,883,1523,468,20261001
line,1503,24,6,18,0,19,5,20261001
municipality,1504,636,370,266,286,270,80,20261001
line,1504,10,4,6,0,10,0,20261001
line,1506,4,1,3,0,3,1,20261001
municipality,1506,906,327,579,248,562,96,20261001
municipality,1507,1262,487,775,388,702,172,20261001
line,1507,77,39,38,0,77,0,20261001
municipality,1508,954,409,545,397,477,80,20261001
line,1508,11,7,4,0,11,0,20261001
line,1509,31,12,19,0,31,0,20261001
municipality,1510,1781,688,1093,497,988,296,20261001
line,1510,28,20,8,0,28,0,20261001
line,1511,5,5,0,0,5,0,20261001
municipality,1511,1088,496,592,411,549,128,20261001
municipality,1512,3260,1622,1638,1309,1528,423,20261001
line,1512,29,11,18,0,29,0,20261001
line,1513,20,14,6,0,20,0,20261001
line,1514,39,12,27,0,37,2,20261001
line,1515,3,3,0,0,3,0,20261001
line,1516,20,4,16,0,20,0,20261001
line,1517,24,12,12,0,23,1,20261001
line,1518,57,19,38,0,56,1,20261001
line,1519,14,12,2,0,14,0,20261001
line,1520,12,3,9,0,12,0,20261001
line,1521,17,3,14,0,16,1,20261001
line,1522,39,10,29,0,38,1,20261001
line,1523,88,41,47,0,86,2,20261001
line,1524,36,11,25,0,34,2,20261001
line,1525,169,44,125,0,168,1,20261001
line,1527,23,10,13,0,23,0,20261001
line,1528,29,12,17,0,28,1,20261001
line,1529,35,15,20,0,34,1,20261001
line,1530,7,0,7,0,7,0,20261001
line,1531,5,1,4,0,5,0,20261001
line,1601,117,38,79,0,115,2,20261001
line,1603,49,31,18,0,49,0,20261001
line,1604,26,11,15,0,26,0,20261001
line,1605,33,16,17,0,33,0,20261001
line,1606,86,43,43,0,84,2,20261001
line,1607,90,37,53,0,87,3,20261001
line,1608,40,12,28,0,40,0,20261001
line,1610,6,2,4,0,5,1,20261001
line,1611,3,0,3,0,3,0,20261001
line,1612,23,11,12,0,23,0,20261001
line,1613,38,24,14,0,38,0,20261001
line,1614,32,26,6,0,31,1,20261001
line,1615,15,12,3,0,15,0,20261001
line,1616,9,7,2,0,8,1,20261001
line,1617,18,14,4,0,18,0,20261001
line,1618,56,26,30,0,54,2,20261001
line,1619,45,26,19,0,44,1,20261001
line,1620,34,18,16,0,32,2,20261001
line,1621,14,12,2,0,14,0,20261001
line,1622,84,51,33,0,84,0,20261001
line,1623,19,13,6,0,19,0,20261001
line,1624,61,15,46,0,60,1,20261001
line,1625,54,30,24,0,54,0,20261001
line,1626,18,3,15,0,18,0,20261001
line,1627,38,19,19,0,37,1,20261001
line,1628,14,13,1,0,14,0,20261001
line,1629,43,10,33,0,43,0,20261001
line,1630,6,3,3,0,6,0,20261001
line,1631,46,25,21,0,46,0,20261001
line,1632,33,15,18,0,32,1,20261001
line,1633,53,33,20,0,51,2,20261001
line,1634,21,11,10,0,21,0,20261001
line,1635,56,28,28,0,56,0,20261001
line,1636,11,4,7,0,11,0,20261001
line,1637,11,5,6,0,11,0,20261001
line,1701,16,10,6,0,16,0,20261001
line,1702,20,11,9,0,20,0,20261001
line,1703,16,7,9,0,15,1,20261001
line,1704,180,48,132,0,177,3,20261001
line,1705,4,2,2,0,4,0,20261001
line,1706,108,32,76,0,108,0,20261001
line,1707,114,52,62,0,110,4,20261001
line,1708,6,0,6,0,6,0,20261001
line,1709,112,28,84,0,107,5,20261001
line,1710,57,20,37,0,56,1,20261001
line,1711,22,10,12,0,19,3,20261001
line,1712,32,15,17,0,32,0,20261001
line,1713,120,31,89,0,119,1,20261001
line,1714,42,24,18,0,40,2,20261001
line,1715,124,71,53,0,124,0,20261001
line,1716,96,32,64,0,94,2,20261001
line,1717,71,17,54,0,71,0,20261001
line,1718,33,15,18,0,31,2,20261001
line,1719,29,11,18,0,29,0,20261001
line,1720,77,44,33,0,73,4,20261001
line,1721,60,13,47,0,57,3,20261001
line,1722,25,10,15,0,23,2,20261001
line,1723,96,28,68,0,96,0,20261001
line,1724,98,31,67,0,95,3,20261001
line,1725,66,33,33,0,65,1,20261001
line,1726,74,41,33,0,69,5,20261001
line,1727,5,5,0,0,5,0,20261001
line,1728,9,5,4,0,9,0,20261001
line,1729,77,5,72,0,77,0,20261001
line,1730,15,3,12,0,15,0,20261001
line,1731,26,6,20,0,23,3,20261001
line,1733,193,69,124,0,192,1,20261001
line,2002,2,0,2,0,2,0,20261001
line,2003,5,1,4,0,5,0,20261001
line,2004,5,0,5,0,5,0,20261001
line,2010,2,0,2,0,2,0,20261001
line,2011,10,6,4,0,10,0,20261001
line,2014,10,3,7,0,10,0,20261001
line,2017,3,0,3,0,1,2,20261001
line,2020,13,5,8,0,13,0,20261001
line,2021,4,0,4,0,4,0,20261001
line,2023,1,0,1,0,0,1,20261001
line,2024,3,0,3,0,2,1,20261001
line,2026,7,0,7,0,6,1,20261001
line,2028,12,6,6,0,11,1,20261001
line,2029,4,2,2,0,4,0,20261001
line,2030,4,1,3,0,4,0,20261001
line,2031,11,3,8,0,11,0,20261001
line,2032,7,0,7,0,7,0,20261001
line,2034,11,3,8,0,11,0,20261001
line,2036,7,5,2,0,5,2,20261001
line,2037,12,7,5,0,12,0,20261001
line,2103,21,11,10,0,21,0,20261001
line,2106,3,0,3,0,3,0,20261001
line,2107,1,0,1,0,1,0,20261001
line,2108,1,0,1,0,0,1,20261001
line,2109,1,0,1,0,0,1,20261001
line,2111,3,0,3,0,3,0,20261001
line,2113,1,1,0,0,1,0,20261001
line,2114,4,3,1,0,4,0,20261001
line,2116,8,0,8,0,8,0,20261001
line,2117,18,12,6,0,18,0,20261001
line,2118,4,2,2,0,4,0,20261001
line,2119,4,2,2,0,4,0,20261001
line,2120,2,0,2,0,2,0,20261001
line,2123,1,0,1,0,1,0,20261001
line,2125,29,6,23,0,29,0,20261001
line,2126,21,14,7,0,21,0,20261001
line,2128,1,1,0,0,1,0,20261001
line,2130,18,2,16,0,2,16,20261001
line,2132,3,0,3,0,3,0,20261001
line,2133,14,11,3,0,14,0,20261001
line,2136,5,0,5,0,5,0,20261001
line,2141,3,0,3,0,3,0,20261001
line,2142,10,6,4,0,10,0,20261001
line,2146,5,5,0,0,5,0,20261001
line,2147,1,0,1,0,0,1,20261001
line,2148,3,3,0,0,3,0,20261001
line,2149,3,3,0,0,2,1,20261001
line,2151,8,6,2,0,8,0,20261001
line,2202,9,1,8,0,8,1,20261001
line,2203,10,1,9,0,10,0,20261001
line,2206,22,9,13,0,19,3,20261001
line,2207,5,1,4,0,5,0,20261001
line,2209,30,6,24,0,28,2,20261001
line,2210,15,5,10,0,15,0,20261001
line,2212,12,3,9,0,12,0,20261001
line,2213,5,2,3,0,5,0,20261001
line,2214,1,1,0,0,0,1,20261001
line,2215,11,4,7,0,9,2,20261001
line,2217,7,2,5,0,5,2,20261001
line,2218,5,0,5,0,5,0,20261001
line,2219,12,2,10,0,12,0,20261001
line,2220,37,17,20,0,35,2,20261001
line,2221,1,0,1,0,1,0,20261001
line,2222,17,13,4,0,15,2,20261001
line,2223,35,7,28,0,34,1,20261001
line,2301,9,1,8,0,9,0,20261001
line,2303,78,22,56,0,77,1,20261001
line,2304,8,0,8,0,8,0,20261001
line,2306,14,8,6,0,14,0,20261001
line,2307,6,2,4,0,6,0,20261001
line,2308,12,7,5,0,12,0,20261001
line,2309,26,15,11,0,26,0,20261001
line,2310,35,13,22,0,34,1,20261001
line,2313,1,0,1,0,1,0,20261001
line,2317,12,2,10,0,12,0,20261001
line,2318,9,2,7,0,9,0,20261001
line,2321,1,1,0,0,0,1,20261001
line,2325,3,2,1,0,2,1,20261001
line,2326,1,1,0,0,1,0,20261001
line,2327,19,7,12,0,19,0,20261001
line,2328,47,27,20,0,46,1,20261001
line,2329,15,5,10,0,15,0,20261001
line,2331,48,13,35,0,48,0,20261001
line,2333,10,5,5,0,9,1,20261001
line,2502,5,5,0,0,5,0,20261001
line,2504,6,0,6,0,6,0,20261001
line,2505,9,2,7,0,8,1,20261001
line,2511,2,0,2,0,2,0,20261001
line,2513,2,2,0,0,2,0,20261001
line,2514,2,2,0,0,2,0,20261001
line,2515,9,7,2,0,9,0,20261001
line,2516,8,4,4,0,8,0,20261001
line,2517,2,0,2,0,2,0,20261001
line,2518,29,2,27,0,29,0,20261001
line,2519,1,1,0,0,1,0,20261001
line,2522,18,8,10,0,15,3,20261001
line,2523,8,5,3,0,7,1,20261001
line,2524,32,10,22,0,30,2,20261001
line,2525,9,0,9,0,9,0,20261001
line,2530,4,4,0,0,4,0,20261001
line,2532,63,27,36,0,59,4,20261001
line,2533,16,3,13,0,16,0,20261001
line,2534,8,2,6,0,8,0,20261001
line,2535,7,2,5,0,7,0,20261001
line,2536,5,0,5,0,5,0,20261001
line,2537,26,12,14,0,26,0,20261001
line,2538,6,4,2,0,6,0,20261001
line,2539,9,7,2,0,9,0,20261001
line,2601,32,10,22,0,30,2,20261001
line,2605,33,2,31,0,33,0,20261001
line,2610,10,2,8,0,10,0,20261001
line,2611,15,9,6,0,13,2,20261001
line,2620,5,3,2,0,5,0,20261001
line,2625,11,3,8,0,9,2,20261001
line,2626,42,17,25,0,40,2,20261001
line,2627,4,2,2,0,4,0,20261001
line,2630,8,8,0,0,8,0,20261001
line,2631,16,4,12,0,14,2,20261001
line,2632,17,5,12,0,16,1,20261001
line,2650,6,4,2,0,6,0,20261001
line,2651,5,0,5,0,5,0,20261001
line,2652,14,7,7,0,14,0,20261001
line,2702,2,0,2,0,2,0,20261001
line,2703,1,0,1,0,1,0,20261001
line,2706,194,26,168,0,189,5,20261001
line,2708,24,8,16,0,23,1,20261001
line,2709,4,0,4,0,4,0,20261001
line,2710,45,18,27,0,42,3,20261001
line,2711,78,56,22,0,77,1,20261001
line,2713,37,17,20,0,35,2,20261001
line,2714,40,13,27,0,39,1,20261001
line,2715,60,25,35,0,57,3,20261001
line,2716,48,13,35,0,46,2,20261001
line,2717,41,31,10,0,41,0,20261001
line,2718,25,5,20,0,25,0,20261001
line,2719,16,10,6,0,16,0,20261001
line,2720,73,31,42,0,72,1,20261001
line,2722,32,13,19,0,28,4,20261001
line,2723,6,3,3,0,5,1,20261001
line,2724,18,12,6,0,18,0,20261001
line,2725,45,17,28,0,43,2,20261001
line,2726,9,9,0,0,9,0,20261001
line,2727,49,23,26,0,48,1,20261001
line,2728,31,8,23,0,31,0,20261001
line,2729,38,8,30,0,38,0,20261001
line,2730,70,30,40,0,57,13,20261001
line,2731,34,16,18,0,32,2,20261001
line,2733,13,7,6,0,13,0,20261001
line,2734,7,7,0,0,7,0,20261001
line,2735,6,6,0,0,6,0,20261001
line,2740,115,44,71,0,108,7,20261001
line,2741,21,17,4,0,20,1,20261001
line,2742,3,0,3,0,3,0,20261001
line,2743,12,4,8,0,12,0,20261001
line,2744,7,2,5,0,7,0,20261001
line,2745,1,0,1,0,0,1,20261001
line,2746,30,9,21,0,29,1,20261001
line,2750,51,26,25,0,48,3,20261001
line,2751,48,16,32,0,47,1,20261001
line,2752,2,2,0,0,2,0,20261001
line,2753,11,3,8,0,9,2,20261001
line,2754,35,6,29,0,33,2,20261001
line,2755,4,0,4,0,4,0,20261001
line,2756,6,2,4,0,6,0,20261001
line,2758,9,4,5,0,9,0,20261001
line,2761,16,6,10,0,16,0,20261001
line,2762,18,9,9,0,18,0,20261001
line,2764,34,17,17,0,31,3,20261001
line,2765,7,5,2,0,7,0,20261001
line,2769,44,13,31,0,39,5,20261001
line,2770,23,11,12,0,20,3,20261001
line,2772,33,15,18,0,31,2,20261001
line,2774,43,2,41,0,43,0,20261001
line,2775,1,1,0,0,1,0,20261001
line,2776,44,16,28,0,34,10,20261001
line,2780,47,28,19,0,43,4,20261001
line,2781,40,10,30,0,40,0,20261001
line,2785,10,8,2,0,10,0,20261001
line,2790,134,38,96,0,131,3,20261001
line,2792,138,53,85,0,137,1,20261001
line,2793,49,19,30,0,49,0,20261001
line,2794,80,27,53,0,78,2,20261001
line,2795,54,27,27,0,53,1,20261001
line,2796,30,4,26,0,26,4,20261001
line,2797,71,20,51,0,71,0,20261001
line,2801,104,22,82,0,103,1,20261001
line,2802,29,2,27,0,29,0,20261001
line,2803,40,14,26,0,38,2,20261001
line,2804,37,11,26,0,34,3,20261001
line,2805,19,13,6,0,18,1,20261001
line,2807,7,0,7,0,7,0,20261001
line,2811,64,31,33,0,61,3,20261001
line,2812,41,15,26,0,41,0,20261001
line,2814,21,8,13,0,21,0,20261001
line,2815,1,0,1,0,1,0,20261001
line,2816,2,2,0,0,2,0,20261001
line,2817,8,0,8,0,8,0,20261001
line,2818,1,0,1,0,1,0,20261001
line,2821,47,13,34,0,45,2,20261001
line,2824,45,22,23,0,42,3,20261001
line,2831,15,1,14,0,14,1,20261001
line,2833,5,0,5,0,5,0,20261001
line,2841,83,33,50,0,81,2,20261001
line,2842,17,4,13,0,17,0,20261001
line,2850,9,3,6,0,9,0,20261001
line,2901,9,0,9,0,8,1,20261001
line,2905,1,1,0,0,1,0,20261001
line,2907,3,3,0,0,3,0,20261001
line,2910,2,2,0,0,2,0,20261001
line,2914,2,2,0,0,2,0,20261001
line,2920,5,0,5,0,5,0,20261001
line,2921,32,6,26,0,31,1,20261001
line,2926,41,12,29,0,41,0,20261001
line,2927,24,16,8,0,24,0,20261001
line,2928,18,6,12,0,18,0,20261001
line,3001,17,9,8,0,17,0,20261001
line,3003,32,16,16,0,31,1,20261001
line,3004,36,23,13,0,35,1,20261001
line,3005,2,2,0,0,2,0,20261001
line,3007,7,3,4,0,6,1,20261001
line,3008,9,0,9,0,9,0,20261001
line,3009,27,18,9,0,25,2,20261001
line,3011,50,27,23,0,50,0,20261001
line,3012,74,27,47,0,67,7,20261001
line,3013,33,4,29,0,33,0,20261001
line,3016,3,0,3,0,3,0,20261001
line,3017,9,1,8,0,9,0,20261001
line,3019,33,31,2,0,33,0,20261001
line,3021,39,24,15,0,38,1,20261001
line,3022,62,22,40,0,60,2,20261001
line,3023,71,36,35,0,70,1,20261001
line,3024,35,14,21,0,35,0,20261001
line,3025,42,19,23,0,41,1,20261001
line,3026,63,47,16,0,62,1,20261001
line,3027,42,4,38,0,42,0,20261001
line,3029,2,0,2,0,2,0,20261001
line,3030,40,21,19,0,38,2,20261001
line,3033,8,3,5,0,8,0,20261001
line,3034,11,6,5,0,11,0,20261001
line,3101,52,6,46,0,52,0,20261001
line,3102,2,0,2,0,2,0,20261001
line,3103,57,13,44,0,57,0,20261001
line,3104,10,4,6,0,10,0,20261001
line,3105,76,27,49,0,72,4,20261001
line,3106,25,11,14,0,25,0,20261001
line,3108,24,8,16,0,24,0,20261001
line,3109,5,3,2,0,4,1,20261001
line,3110,12,9,3,0,12,0,20261001
line,3111,42,15,27,0,40,2,20261001
line,3112,42,27,15,0,41,1,20261001
line,3113,40,19,21,0,40,0,20261001
line,3114,21,8,13,0,18,3,20261001
line,3116,33,8,25,0,33,0,20261001
line,3118,34,10,24,0,31,3,20261001
line,3119,70,24,46,0,67,3,20261001
line,3120,22,7,15,0,21,1,20261001
line,3121,8,4,4,0,7,1,20261001
line,3122,2,2,0,0,2,0,20261001
line,3201,17,5,12,0,17,0,20261001
line,3203,3,0,3,0,3,0,20261001
line,3204,5,1,4,0,5,0,20261001
line,3205,8,5,3,0,8,0,20261001
line,3206,2,0,2,0,2,0,20261001
line,3207,8,2,6,0,8,0,20261001
line,3208,3,3,0,0,3,0,20261001
line,3209,10,3,7,0,10,0,20261001
line,3210,20,10,10,0,20,0,20261001
line,3211,10,8,2,0,10,0,20261001
line,3212,17,5,12,0,17,0,20261001
line,3213,12,10,2,0,12,0,20261001
line,3214,43,11,32,0,43,0,20261001
line,3215,22,6,16,0,22,0,20261001
line,3216,7,3,4,0,7,0,20261001
line,3218,4,4,0,0,4,0,20261001
line,3220,8,4,4,0,8,0,20261001
line,3221,23,12,11,0,23,0,20261001
line,3503,12,4,8,0,12,0,20261001
line,3504,18,4,14,0,18,0,20261001
line,3505,2,2,0,0,2,0,20261001
line,3506,44,20,24,0,43,1,20261001
line,3507,24,8,16,0,23,1,20261001
line,3508,61,25,36,0,61,0,20261001
line,3509,13,4,9,0,12,1,20261001
line,3510,3,1,2,0,3,0,20261001
line,3511,2,2,0,0,2,0,20261001
line,3512,43,17,26,0,42,1,20261001
line,3513,44,26,18,0,44,0,20261001
line,3514,13,4,9,0,13,0,20261001
line,3515,37,27,10,0,37,0,20261001
line,3516,22,9,13,0,22,0,20261001
line,3517,28,13,15,0,27,1,20261001
line,3518,8,0,8,0,7,1,20261001
line,3519,4,0,4,0,4,0,20261001
line,3520,3,3,0,0,3,0,20261001
line,3521,81,35,46,0,79,2,20261001
line,3522,6,3,3,0,6,0,20261001
line,3523,33,11,22,0,33,0,20261001
line,3524,14,11,3,0,14,0,20261001
line,3525,64,24,40,0,63,1,20261001
line,3526,79,20,59,0,79,0,20261001
line,3527,29,8,21,0,29,0,20261001
line,3535,13,5,8,0,13,0,20261001
line,3536,93,44,49,0,86,7,20261001
line,3540,25,10,15,0,24,1,20261001
line,3541,24,15,9,0,24,0,20261001
line,3543,17,2,15,0,16,1,20261001
line,3544,36,7,29,0,36,0,20261001
line,3546,16,11,5,0,16,0,20261001
line,3547,13,5,8,0,13,0,20261001
line,3548,6,5,1,0,5,1,20261001
line,3549,18,10,8,0,18,0,20261001
line,3601,51,29,22,0,48,3,20261001
line,3605,40,6,34,0,40,0,20261001
line,3615,38,11,27,0,36,2,20261001
line,3620,105,35,70,0,99,6,20261001
line,3625,25,9,16,0,24,1,20261001
line,3626,12,4,8,0,12,0,20261001
line,3630,1,0,1,0,1,0,20261001
line,3635,37,15,22,0,35,2,20261001
line,3641,2,2,0,0,2,0,20261001
line,3650,2,2,0,0,2,0,20261001
line,3701,68,10,58,0,67,1,20261001
line,3702,17,2,15,0,16,1,20261001
line,3703,51,22,29,0,47,4,20261001
line,3704,93,27,66,0,89,4,20261001
line,3705,44,12,32,0,40,4,20261001
line,3706,8,0,8,0,8,0,20261001
line,3708,19,3,16,0,15,4,20261001
line,3709,12,0,12,0,11,1,20261001
line,3710,94,36,58,0,92,2,20261001
line,3711,16,5,11,0,16,0,20261001
line,3715,56,14,42,0,54,2,20261001
line,3716,55,14,41,0,55,0,20261001
line,3717,64,21,43,0,64,0,20261001
line,3720,29,2,27,0,29,0,20261001
line,3721,186,63,123,0,183,3,20261001
line,4001,13,10,3,0,12,1,20261001
line,4101,12,5,7,0,10,2,20261001
line,4102,43,24,19,0,43,0,20261001
line,4103,8,4,4,0,8,0,20261001
line,4104,21,16,5,0,21,0,20261001
line,4202,5,2,3,0,5,0,20261001
line,4203,46,25,21,0,43,3,20261001
line,4204,19,2,17,0,19,0,20261001
line,4205,12,0,12,0,12,0,20261001
line,4206,4,0,4,0,4,0,20261001
line,4207,7,1,6,0,6,1,20261001
line,4208,7,0,7,0,7,0,20261001
line,4212,4,3,1,0,4,0,20261001
line,4302,4,3,1,0,4,0,20261001
line,4303,12,6,6,0,12,0,20261001
line,4304,16,7,9,0,16,0,20261001
line,4305,6,4,2,0,6,0,20261001
line,4307,5,2,3,0,5,0,20261001
line,4308,2,0,2,0,2,0,20261001
line,4310,2,0,2,0,2,0,20261001
line,4311,2,0,2,0,2,0,20261001
line,4312,10,10,0,0,10,0,20261001
line,4313,15,13,2,0,15,0,20261001
line,4320,11,5,6,0,11,0,20261001
line,4321,47,31,16,0,44,3,20261001
line,4322,13,11,2,0,13,0,20261001
line,4401,9,1,8,0,9,0,20261001
line,4402,3,0,3,0,3,0,20261001
line,4403,36,12,24,0,36,0,20261001
line,4404,8,5,3,0,8,0,20261001
line,4405,3,1,2,0,3,0,20261001
line,4406,5,3,2,0,5,0,20261001
line,4407,2,2,0,0,2,0,20261001
line,4409,31,11,20,0,28,3,20261001
line,4410,13,4,9,0,12,1,20261001
line,4412,39,17,22,0,37,2,20261001
line,4414,19,11,8,0,19,0,20261001
line,4415,16,2,14,0,16,0,20261001
line,4420,16,8,8,0,16,0,20261001
line,4422,56,20,36,0,55,1,20261001
line,4424,6,0,6,0,6,0,20261001
line,4425,2,0,2,0,2,0,20261001
line,4426,69,46,23,0,68,1,20261001
line,4427,18,2,16,0,18,0,20261001
line,4428,15,3,12,0,15,0,20261001
line,4429,5,5,0,0,5,0,20261001
line,4432,12,8,4,0,11,1,20261001
line,4434,17,11,6,0,17,0,20261001
line,4435,5,1,4,0,5,0,20261001
line,4436,13,9,4,0,12,1,20261001
line,4437,19,10,9,0,19,0,20261001
line,4438,36,28,8,0,36,0,20261001
line,4439,10,4,6,0,10,0,20261001
line,4440,9,4,5,0,9,0,20261001
line,4441,29,17,12,0,29,0,20261001
line,4451,12,4,8,0,12,0,20261001
line,4452,6,5,1,0,6,0,20261001
line,4470,20,13,7,0,20,0,20261001
line,4471,6,2,4,0,6,0,20261001
line,4474,114,73,41,0,113,1,20261001
line,4501,86,35,51,0,86,0,20261001
line,4502,4,2,2,0,2,2,20261001
line,4504,83,26,57,0,82,1,20261001
line,4512,349,114,235,0,342,7,20261001
line,4514,37,34,3,0,37,0,20261001
line,4515,12,10,2,0,12,0,20261001
line,4516,3,3,0,0,3,0,20261001
line,4520,9,5,4,0,9,0,20261001
line,4521,62,48,14,0,61,1,20261001
line,4524,9,4,5,0,9,0,20261001
line,4530,3,3,0,0,3,0,20261001
line,4531,32,27,5,0,32,0,20261001
line,4532,23,13,10,0,23,0,20261001
line,4540,2,2,0,0,2,0,20261001
line,4541,2,0,2,0,2,0,20261001
line,4542,19,7,12,0,19,0,20261001
line,4543,2,0,2,0,2,0,20261001
line,4544,16,11,5,0,16,0,20261001
line,4546,2,2,0,0,2,0,20261001
line,4548,2,0,2,0,2,0,20261001
line,4549,3,0,3,0,3,0,20261001
line,4550,2,2,0,0,2,0,20261001
line,4551,22,12,10,0,22,0,20261001
line,4560,14,5,9,0,13,1,20261001
line,4562,61,23,38,0,59,2,20261001
line,4600,250,115,135,0,245,5,20261001
line,4602,105,45,60,0,105,0,20261001
line,4604,87,63,24,0,87,0,20261001
line,4610,7,4,3,0,7,0,20261001
line,4611,44,27,17,0,44,0,20261001
line,4612,39,11,28,0,39,0,20261001
line,4620,21,9,12,0,21,0,20261001
line,4621,140,79,61,0,139,1,20261001
line,4641,21,8,13,0,20,1,20261001
line,4643,6,2,4,0,6,0,20261001
line,4701,501,118,383,0,480,21,20261001
line,4702,344,120,224,0,334,10,20261001
line,4703,2,1,1,0,2,0,20261001
line,4704,210,80,130,0,207,3,20261001
line,4705,229,44,185,0,222,7,20261001
line,4706,58,12,46,0,54,4,20261001
line,4707,67,11,56,0,66,1,20261001
line,4710,317,98,219,0,308,9,20261001
line,4715,9,5,4,0,9,0,20261001
line,4720,398,87,311,0,388,10,20261001
line,4725,268,108,160,0,255,13,20261001
line,4901,6,6,0,0,6,0,20261001
line,4905,16,3,13,0,16,0,20261001
line,4906,4,4,0,0,4,0,20261001
municipality,,9619,4038,5581,2935,5588,838,20261001
line,,26550,17463,8330,16088,4341,5352,20261001
